{
"token":"",
"open_token":"",
"open_api_url":"postparam|http://api.extscreen.com/aliyundrive/token",
"oauth_client_id":"",
"oauth_client_secret":"",
"oauth_auth_url":"",
"oauth_refresh_url":"",
"thread_limit":32,
"is_vip":true,
"vip_thread_limit":32,
"vod_flags":"4kz|auto",
"quark_thread_limit":32,
"quark_is_vip":true,
"quark_is_guest":false,
"quark_vip_thread_limit":32,
"quark_flags":"4kz|auto",
"uc_thread_limit":0,
"uc_is_vip":false,
"uc_vip_thread_limit":0,
"uc_flags":"4kz|auto",
"thunder_thread_limit":2,
"thunder_is_vip":false,
"thunder_vip_thread_limit":2,
"thunder_flags":"4k|4kz|auto",
"aliproxy":"",
"aliproxy_url":"",
"proxy":"",
"danmu":true,
"quark_danmu":true,
"quark_cookie":"",
"uc_cookie":"",
"thunder_username":"",
"thunder_password":"",
"thunder_captchatoken":"",
"yd_auth":"",
"yd_thread_limit":4,
"yd_flags":"auto|4kz",
"yd_danmu":true,
"pikpak_username":"",
"pikpak_password":"",
"pikpak_flags":"4k|auto",
"pikpak_thread_limit":2,
"pikpak_vip_thread_limit":2,
"pikpak_proxy":"",
"pikpak_proxy_onlyapi":false,
"pikpak_danmu":true,
"wgcf_key":"",
"wgcf_key2":"",
"wgcf_ipport":"",
"wgcf_xray_url":"./xray.gz",
"wgcf_geoip_url":"./geoip.dat.gz",
"wgcf_json_url":"./wgcf.json",
"wgcf_vless_id":"ba55ef37-c33c-4a8f-aafa-2abc85312863",
"wgcf_vless_optname":"visa.com:8443",
"wgcf_vless_worker":"socks5.skvless.us.kg",
"wgcf_vless_path":"/aries?ed=2560",
"wgcf_vless_protocol":"vless",
"wgcf_vless_network":"ws",
"wgcf_vless_tls":true,
"libxl_url":"./libxl_thunder_sdk.so",
"youtube_proxy":"proxy",
"singbox_url":"./sing-box.gz",
"singbox_subscribe_url":"",
"singbox_clash2singbox_url":"./clash2singbox.gz",
"singbox_template_url":"./singbox.json",
"pan115_cookie":"",
"pan115_thread_limit":0,
"pan115_vip_thread_limit":0,
"pan115_is_vip":false,
"pan115_flags":"4kz",
"pan115_auto_delete":true,
"pan115_delete_code":"",
"pan_order":"ali|quark|uc|115|yd|thunder|pikpak"
}
