{
    "spider": "./lib/pg.jar",
    "sites": [
        {
            "key": "J91",
            "name": "🔞 91 | 珍惜",
            "type": 3,
            "api": "csp_J91",
            "searchable": 1,
            "filterable": 1,
            "jar": "./lib/spider.jar"
        },
        {
            "key": "Cg51",
            "name": "🔞 51吃瓜 | 图密√",
            "type": 3,
            "api": "csp_Cg51",
            "searchable": 1,
            "jar": "./lib/spider.jar",
            "filterable": 1
        },
        {
            "key": "MiMei",
            "name": "🔞 迷妹 | 珍惜",
            "type": 3,
            "api": "csp_MiMei",
            "searchable": 1,
            "jar": "./lib/spider.jar",
            "filterable": 1
        },
        {
            "key": "ROU223",
            "name": "🔞 223ROU | 视频",
            "type": 3,
            "api": "csp_ROU223",
            "searchable": 0,
            "jar": "./lib/XBPQ.jar",
            "filterable": 1
        },
        {
            "key": "HiPianZhiBo",
            "name": "🔞 嗨片直播 | 视频",
            "type": 3,
            "api": "csp_HiPianZhiBo",
            "searchable": 1,
            "jar": "./lib/XBPQ.jar",
            "filterable": 1
        },
        {
            "key": "美少女",
            "name": "🔞美少女",
            "type": 0,
            "api": "https://www.msnii.com/api/xml.php",
            "searchable": 1,
            "quickSearch": 1,
            "jar": "./lib/XBPQ.jar",
            "filterable": 1
        },
        {
            "key": "*淫水机资源",
            "name": "🔞淫水机",
            "type": 0,
            "api": "https://www.xrbsp.com/api/xml.php",
            "searchable": 1,
            "quickSearch": 1,
            "jar": "./lib/XBPQ.jar",
            "filterable": 0
        },
        {
            "key": "*美少女资源",
            "name": "🔞美少女资源",
            "type": 0,
            "api": "https://www.msnii.com/api/xml.php",
            "searchable": 1,
            "quickSearch": 1,
            "jar": "./lib/XBPQ.jar",
            "filterable": 0
        },
        {
            "key": "zp024",
            "name": "🔞BT天堂-伦理",
            "type": 0,
            "api": "http://bttcj.com/inc/sapi.php",
            "searchable": 1,
            "quickSearch": 1,
            "jar": "./lib/XBPQ.jar",
            "filterable": 0
        },
        {
            "key": "*KK写真资源",
            "name": "🔞KK写真资源-伦理",
            "type": 1,
            "api": "https://kkzy.me/api.php/provide/vod/",
            "searchable": 1,
            "quickSearch": 1,
            "jar": "./lib/XBPQ.jar",
            "filterable": 0
        },
        {
            "key": "zp059",
            "name": "🔞番号资源",
            "type": 0,
            "api": "http://fhapi9.com/api.php/provide/vod/at/xml",
            "searchable": 1,
            "quickSearch": 1,
            "jar": "./lib/XBPQ.jar",
            "filterable": 0
        },
        {
            "key": "zp066",
            "name": "🔞花椒资源",
            "type": 0,
            "api": "https://api.apilyzy.com/api.php/provide/vod/at/xml/",
            "searchable": 1,
            "quickSearch": 1,
            "jar": "./lib/XBPQ.jar",
            "filterable": 0
        },
        {
            "key": "zp100",
            "name": "🔞乐播",
            "type": 0,
            "api": "https://lbapi9.com/api.php/provide/vod/at/xml/",
            "searchable": 1,
            "quickSearch": 1,
            "jar": "./lib/XBPQ.jar",
            "filterable": 0
        },
        {
            "key": "zp123",
            "name": "🔞色猫资源（慢）",
            "type": 0,
            "api": "https://api.maozyapi.com/inc/api.php/provide/vod/at/xml/",
            "searchable": 1,
            "quickSearch": 1,
            "jar": "./lib/XBPQ.jar",
            "filterable": 0
        },
        {
            "key": "*乐播资源",
            "name": "🔞乐播资源",
            "type": 1,
            "api": "https://lbapi9.com/api.php/provide/vod/",
            "searchable": 1,
            "quickSearch": 0,
            "jar": "./lib/XBPQ.jar",
            "filterable": 0
        },
        {
            "key": "zp137",
            "name": "🔞探探资源（慢）",
            "type": 0,
            "api": "https://apittzy.com/api.php/provide/vod/at/xml/",
            "playUrl": "https://jiexi.ttbfp1.com/m3u8/?url=",
            "searchable": 1,
            "quickSearch": 1,
            "jar": "./lib/XBPQ.jar",
            "filterable": 0
        },
        {
            "key": "wmcj8.com",
            "name": "成人07",
            "type": 0,
            "api": "http://wmcj8.com/inc/sapi.php",
            "quickSearch": 1,
            "searchable": 1,
            "jar": "./lib/XBPQ.jar",
            "filterable": 1
        },
        {
            "key": "💞博天堂💞",
            "name": "💞博天堂💞",
            "type": 0,
            "api": "http://bttcj.com/inc/sapi.php",
            "searchable": 0,
            "jar": "./lib/XBPQ.jar",
            "quickSearch": 0
        },
        {
            "key": "💞美少女资源💞",
            "name": "💞美少女资源💞",
            "type": 0,
            "api": "https://www.msnii.com/api/xml.php",
            "searchable": 0,
            "jar": "./lib/XBPQ.jar",
            "quickSearch": 0
        },
        {
            "key": "bttcj.com",
            "name": "成人04",
            "type": 0,
            "api": "http://bttcj.com/inc/sapi.php",
            "quickSearch": 1,
            "searchable": 1,
            "jar": "./lib/XBPQ.jar",
            "filterable": 1
        },
        {
            "key": "💞番号资源💞",
            "name": "💞番号资源💞",
            "type": 1,
            "api": "http://fhapi9.com/api.php/provide/vod/",
            "searchable": 0,
            "jar": "./lib/XBPQ.jar",
            "quickSearch": 0
        },
        {
            "key": "💞探探资源💞",
            "name": "💞探探资源💞",
            "type": 1,
            "api": "https://apittzy.com/api.php/provide/vod/",
            "searchable": 0,
            "jar": "./lib/XBPQ.jar",
            "quickSearch": 0
        },
        {
            "key": "feifei67.com",
            "name": "成人22",
            "type": 1,
            "api": "http://www.feifei67.com/api.php/provide/vod/",
            "quickSearch": 1,
            "searchable": 1,
            "jar": "./lib/XBPQ.jar",
            "filterable": 1
        },
        {
            "key": "💞老鸭资源💞",
            "name": "💞老鸭资源💞",
            "type": 1,
            "api": "https://api.apilyzy.com/api.php/provide/vod/",
            "searchable": 0,
            "jar": "./lib/XBPQ.jar",
            "quickSearch": 0
        },
        {
            "key": "💞乐播资源💞",
            "name": "💞乐播资源💞",
            "type": 1,
            "api": "https://lbapi9.com/api.php/provide/vod/",
            "searchable": 0,
            "jar": "./lib/XBPQ.jar",
            "quickSearch": 0
        },
        {
            "key": "msnii.com",
            "name": "成人46",
            "type": 0,
            "api": "https://www.msnii.com/api/xml.php",
            "quickSearch": 1,
            "searchable": 1,
            "jar": "./lib/XBPQ.jar",
            "filterable": 1
        },
        {
            "key": "💞大地资源💞",
            "name": "💞大地资源💞",
            "type": 0,
            "api": "https://dadiapi.com/api.php",
            "searchable": 0,
            "jar": "./lib/XBPQ.jar",
            "quickSearch": 0
        },
        {
            "key": "apittzy.com",
            "name": "成人47",
            "type": 1,
            "api": "https://apittzy.com/api.php/provide/vod/",
            "quickSearch": 1,
            "searchable": 1,
            "jar": "./lib/XBPQ.jar",
            "filterable": 1
        },
        {
            "key": "💞香奶儿资源💞",
            "name": "💞香奶儿资源💞",
            "type": 0,
            "api": "https://www.gdlsp.com/api/xml.php",
            "searchable": 0,
            "jar": "./lib/XBPQ.jar",
            "quickSearch": 0
        },
        {
            "key": "api.maozyapi.com",
            "name": "成人32",
            "type": 1,
            "api": "https://api.maozyapi.com/inc/apijson_vod.php",
            "quickSearch": 1,
            "searchable": 1,
            "jar": "./lib/XBPQ.jar",
            "filterable": 1
        },
        {
            "key": "lbapi9.com",
            "name": "成人50",
            "type": 1,
            "api": "https://lbapi9.com/api.php/provide/vod/",
            "quickSearch": 1,
            "searchable": 1,
            "jar": "./lib/XBPQ.jar",
            "filterable": 1
        },
        {
            "key": "cjmygzy.com",
            "name": "小美眉",
            "type": 0,
            "api": "http://cjmygzy.com/inc/sapi.php?ac=videolist",
            "searchable": 1,
            "jar": "./lib/XBPQ.jar",
            "filterable": 1
        },
        {
            "key": "*环亚",
            "name": "环亚",
            "type": 0,
            "jar": "./lib/XBPQ.jar",
            "api": "http://wmcj8.com/inc/sapi.php?ac=videolist"
        },
        {
            "key": "pwd_袜子",
            "name": "袜子",
            "type": 0,
            "api": "https://www.msnii.com/api/xml.php",
            "searchable": 0,
            "jar": "./lib/XBPQ.jar",
            "quickSearch": 0
        },
        {
            "key": "💞白嫖资源💞",
            "name": "💞白嫖资源💞",
            "type": 0,
            "api": "https://www.kxgav.com/api/xml.php",
            "searchable": 0,
            "jar": "./lib/XBPQ.jar",
            "quickSearch": 0
        },
        {
            "key": "*AIvin",
            "name": "AIvin",
            "type": 0,
            "jar": "./lib/XBPQ.jar",
            "api": "http://lbapiby.com/api.php/provide/vod/at/xml"
        },
        {
            "key": "kkzy.me",
            "name": "成人51",
            "type": 1,
            "api": "https://kkzy.me/api.php/provide/vod/",
            "quickSearch": 1,
            "searchable": 1,
            "jar": "./lib/XBPQ.jar",
            "filterable": 1
        },
        {
            "key": "api.apilyzy.com",
            "name": "成人71",
            "type": 1,
            "api": "https://api.apilyzy.com/api.php/provide/vod/",
            "quickSearch": 1,
            "searchable": 1,
            "jar": "./lib/XBPQ.jar",
            "filterable": 1
        },
        {
            "key": "kxgav.com",
            "name": "成人44",
            "type": 0,
            "api": "https://www.kxgav.com/api/xml.php",
            "quickSearch": 1,
            "searchable": 1,
            "jar": "./lib/XBPQ.jar",
            "filterable": 1
        },
        {
            "key": "番号资源",
            "name": "番号资源(卡切)",
            "type": 1,
            "api": "http://fhapi9.com/api.php/provide/vod/at/json",
            "searchable": 1,
            "jar": "./lib/XBPQ.jar",
            "quickSearch": 1
        },
        {
            "key": "探探资源",
            "name": "探探资源(切)",
            "type": 1,
            "api": "https://apittzy.com/api.php/provide/vod",
            "searchable": 1,
            "jar": "./lib/XBPQ.jar",
            "quickSearch": 1
        },
        {
            "key": "💞淫水机资源💞",
            "name": "💞淫水机资源💞",
            "type": 0,
            "api": "https://www.xrbsp.com/api/xml.php",
            "searchable": 0,
            "jar": "./lib/XBPQ.jar",
            "quickSearch": 0
        },
        {
            "key": "Sm",
            "name": "Sm",
            "type": 0,
            "jar": "./lib/XBPQ.jar",
            "api": "https://api.maozyapi.com/inc/api.php"
        },
        {
            "key": "💞色猫资源💞",
            "name": "💞色猫资源💞",
            "type": 1,
            "api": "https://api.maozyapi.com/inc/apijson_vod.php",
            "searchable": 0,
            "jar": "./lib/XBPQ.jar",
            "quickSearch": 0
        },
        {
            "key": "wmcj8",
            "name": "wmcj8(切)",
            "type": 0,
            "api": "http://wmcj8.com/inc/sapi.php",
            "searchable": 1,
            "jar": "./lib/XBPQ.jar",
            "quickSearch": 1
        },
        {
            "key": "(18+)JAV名优",
            "name": "(18+)JAV名优",
            "type": 0,
            "api": "http://mygzycj.com/api.php?ac=list",
            "searchable": 1,
            "quickSearch": 1,
            "jar": "./lib/XBPQ.jar",
            "filterable": 0
        },
        {
            "key": "bttcj",
            "name": "*博天堂",
            "type": 0,
            "api": "http://bttcj.com/inc/sapi.php",
            "playUrl": "https://jx.kujiexi.net/m3u8.php?url=",
            "searchable": 1,
            "quickSearch": 1,
            "jar": "./lib/XBPQ.jar",
            "filterable": 0
        },
        {
            "key": "*美少女",
            "name": "*美少女",
            "type": 0,
            "api": "https://www.msnii.com/api/xml.php",
            "searchable": 1,
            "quickSearch": 1,
            "jar": "./lib/XBPQ.jar",
            "filterable": 1
        },
        {
            "key": "*9号资源",
            "name": "*9号资源",
            "type": 0,
            "api": "http://fhapi9.com/api.php/provide/vod/at/xml/",
            "searchable": 1,
            "quickSearch": 1,
            "jar": "./lib/XBPQ.jar",
            "filterable": 0
        },
        {
            "key": "gdlsp.com",
            "name": "成人36",
            "type": 0,
            "api": "https://www.gdlsp.com/api/xml.php",
            "quickSearch": 1,
            "searchable": 1,
            "jar": "./lib/XBPQ.jar",
            "filterable": 1
        },
        {
            "key": "(18+)SS资源",
            "name": "(18+)SS资源",
            "type": 0,
            "api": "http://secj8.com/inc/sapi.php?ac=videolist",
            "searchable": 1,
            "quickSearch": 1,
            "jar": "./lib/XBPQ.jar",
            "filterable": 0
        },
        {
            "key": "*天堂福利",
            "name": "*天堂福利",
            "type": 0,
            "api": "http://bttcj.com/inc/sapi.php",
            "searchable": 0,
            "quickSearch": 0,
            "jar": "./lib/XBPQ.jar",
            "filterable": 0
        },
        {
            "key": "*JAV名优",
            "name": "*JAV名优",
            "type": 0,
            "jar": "./lib/XBPQ.jar",
            "api": "http://mygzycj.com/api.php?ac=list"
        },
        {
            "key": "(18+)乐播",
            "name": "(18+)乐播",
            "type": 0,
            "api": "https://lbapi9.com/api.php/provide/vod/at/xml",
            "searchable": 1,
            "quickSearch": 1,
            "jar": "./lib/XBPQ.jar",
            "filterable": 0
        },
        {
            "key": "(18+)S猫资源",
            "name": "(18+)S猫资源",
            "type": 0,
            "api": "https://api.maozyapi.com/inc/api.php",
            "searchable": 1,
            "quickSearch": 1,
            "jar": "./lib/XBPQ.jar",
            "filterable": 0
        },
        {
            "key": "*Sm",
            "name": "*Sm",
            "type": 0,
            "jar": "./lib/XBPQ.jar",
            "api": "https://api.maozyapi.com/inc/api.php"
        },
        {
            "key": "*探探",
            "name": "*探探",
            "type": 0,
            "api": "https://apittzy.com/api.php/provide/vod/at/xml",
            "jar": "./lib/XBPQ.jar",
            "playUrl": "https://jiexi.ttbfp1.com/m3u8/?url="
        },
        {
            "key": "*乐播",
            "name": "*乐播",
            "type": 0,
            "jar": "./lib/XBPQ.jar",
            "api": "https://lbapi9.com/api.php/provide/vod/at/xml"
        },
        {
            "key": "*白嫖",
            "name": "*白嫖",
            "jar": "./lib/XBPQ.jar",
            "type": 0,
            "api": "https://www.kxgav.com/api/xml.php"
        },
        {
            "key": "*色屌丝资源",
            "name": "🔞*色屌丝资源",
            "type": 0,
            "api": "http://sdszyapi.com/home/cjapi/asbb/mc10/vod/xml",
            "searchable": 1,
            "quickSearch": 1,
            "jar": "./lib/XBPQ.jar",
            "filterable": 0
        },
        {
            "key": "*探探资源",
            "name": "*探探资源",
            "type": 1,
            "api": "https://apittzy.com/api.php/provide/vod/",
            "searchable": 0,
            "jar": "./lib/XBPQ.jar",
            "quickSearch": 0
        },
        {
            "key": "*狼少年",
            "name": "*狼少年",
            "type": 0,
            "api": "http://cjmygzy.com/inc/sapi.php?ac=videolist",
            "searchable": 0,
            "jar": "./lib/XBPQ.jar",
            "quickSearch": 0
        },
        {
            "key": "*环亚资源",
            "name": "*环亚资源",
            "type": 0,
            "api": "http://wmcj8.com/inc/sapi.php",
            "jar": "./lib/XBPQ.jar",
            "searchable": 0,
            "quickSearch": 0
        },
        {
            "key": "*色色资源",
            "name": "*色色资源",
            "type": 0,
            "api": "http://secj8.com/inc/sapi.php?ac=videolist",
            "jar": "./lib/XBPQ.jar",
            "searchable": 0,
            "quickSearch": 0
        },
        {
            "key": "*JAV名优",
            "name": "*JAV名优",
            "type": 0,
            "jar": "./lib/XBPQ.jar",
            "api": "http://mygzycj.com/api.php?ac=list"
        },
        {
            "key": "*美少女资源",
            "name": "*美少女资源",
            "type": 0,
            "api": "https://www.msnii.com/api/xml.php",
            "jar": "./lib/XBPQ.jar",
            "searchable": 0,
            "quickSearch": 0
        },
        {
            "key": "*狼少年",
            "name": "*狼少年",
            "type": 0,
            "jar": "./lib/XBPQ.jar",
            "api": "http://cjmygzy.com/inc/sapi.php?ac=videolist"
        },
        {
            "key": "*博天堂",
            "name": "*博天堂",
            "type": 0,
            "jar": "./lib/XBPQ.jar",
            "api": "http://bttcj.com/inc/sapi.php",
            "searchable": 0,
            "quickSearch": 0
        },
        {
            "key": "bttcj",
            "name": "*博天堂",
            "type": 0,
            "jar": "./lib/XBPQ.jar",
            "api": "http://bttcj.com/inc/sapi.php",
            "playUrl": "https://jx.kujiexi.net/m3u8.php?url=",
            "searchable": 1,
            "quickSearch": 1,
            "filterable": 0
        },
        {
            "key": "*天堂福利",
            "name": "*天堂福利",
            "type": 0,
            "api": "http://bttcj.com/inc/sapi.php",
            "jar": "./lib/XBPQ.jar",
            "searchable": 0,
            "quickSearch": 0,
            "filterable": 0
        },
        {
            "key": "*CK资源",
            "name": "*CK资源",
            "type": 1,
            "jar": "./lib/XBPQ.jar",
            "api": "http://www.feifei67.com/api.php/provide/vod/",
            "searchable": 0,
            "quickSearch": 0
        },
        {
            "key": "*番号资源",
            "name": "*番号资源",
            "type": 1,
            "jar": "./lib/XBPQ.jar",
            "api": "http://fhapi9.com/api.php/provide/vod/",
            "searchable": 0,
            "quickSearch": 0
        },
        {
            "key": "*9号资源",
            "name": "*9号资源",
            "type": 0,
            "api": "http://fhapi9.com/api.php/provide/vod/at/xml/",
            "jar": "./lib/XBPQ.jar",
            "searchable": 1,
            "quickSearch": 1,
            "filterable": 0
        },
        {
            "key": "*色猫资源",
            "name": "*色猫资源",
            "type": 1,
            "api": "https://api.maozyapi.com/inc/apijson_vod.php",
            "jar": "./lib/XBPQ.jar",
            "searchable": 0,
            "quickSearch": 0
        },
        {
            "key": "*咪咪资源",
            "name": "🔞咪咪资源",
            "type": 0,
            "api": "http://www.caiji25.com/home/cjapi/p0as/mc10/vod/xml",
            "searchable": 1,
            "jar": "./lib/XBPQ.jar",
            "quickSearch": 1,
            "filterable": 0
        },
        {
            "key": "caiji25.com",
            "name": "成人26",
            "type": 0,
            "api": "http://www.caiji25.com/home/cjapi/p0as/mc10/vod/xml",
            "quickSearch": 1,
            "jar": "./lib/XBPQ.jar",
            "searchable": 1,
            "filterable": 1
        },
        {
            "key": "99zy.pw",
            "name": "成人25",
            "type": 1,
            "api": "http://99zy.pw/api.php/provide/vod/",
            "jar": "./lib/XBPQ.jar",
            "quickSearch": 1,
            "searchable": 1,
            "filterable": 1
        },
        {
            "key": "91md.me",
            "name": "成人19",
            "type": 1,
            "api": "http://91md.me/api.php/provide/vod/",
            "quickSearch": 1,
            "searchable": 1,
            "jar": "./lib/XBPQ.jar",
            "filterable": 1
        },
        {
            "key": "💞99资源💞",
            "name": "💞99资源💞",
            "type": 1,
            "api": "http://99zy.pw/api.php/provide/vod/",
            "jar": "./lib/XBPQ.jar",
            "searchable": 0,
            "quickSearch": 0
        },
        {
            "key": "dadiapi.com",
            "name": "成人09",
            "type": 0,
            "api": "http://dadiapi.com/api.php",
            "quickSearch": 1,
            "jar": "./lib/XBPQ.jar",
            "searchable": 1,
            "filterable": 1
        },
        {
            "key": "sdszyapi.com",
            "name": "成人20",
            "type": 0,
            "api": "http://sdszyapi.com/home/cjapi/asbb/mc10/vod/xml",
            "quickSearch": 1,
            "searchable": 1,
            "jar": "./lib/XBPQ.jar",
            "filterable": 1
        },
        {
            "key": "*色屌丝资源",
            "name": "*色屌丝资源",
            "type": 0,
            "api": "http://sdszyapi.com/home/cjapi/asbb/mc10/vod/xml",
            "searchable": 0,
            "jar": "./lib/XBPQ.jar",
            "quickSearch": 0
        },
        {
            "key": "*咪咪资源",
            "name": "*咪咪资源",
            "type": 0,
            "api": "http://www.caiji25.com/home/cjapi/p0as/mc10/vod/xml",
            "searchable": 0,
            "jar": "./lib/XBPQ.jar",
            "quickSearch": 0
        },
        {
            "key": "*色屌丝资源",
            "name": "*色屌丝资源",
            "type": 0,
            "api": "http://sdszyapi.com/home/cjapi/asbb/mc10/vod/xml",
            "searchable": 0,
            "jar": "./lib/XBPQ.jar",
            "quickSearch": 0
        },
        {
            "key": "💞色屌丝资源💞",
            "name": "💞色屌丝资源💞",
            "type": 0,
            "api": "http://sdszyapi.com/home/cjapi/asbb/mc10/vod/xml",
            "searchable": 0,
            "jar": "./lib/XBPQ.jar",
            "quickSearch": 0
        },
        {
            "key": "*色屌丝资源",
            "name": "*色屌丝资源",
            "type": 0,
            "api": "http://sdszyapi.com/home/cjapi/asbb/mc10/vod/xml",
            "searchable": 0,
            "jar": "./lib/XBPQ.jar",
            "quickSearch": 0
        },
        {
            "key": "咪咪资源",
            "name": "咪咪资源(切)",
            "type": 0,
            "api": "http://www.caiji25.com/home/cjapi/p0as/mc10/vod/xml",
            "searchable": 1,
            "jar": "./lib/XBPQ.jar",
            "quickSearch": 1
        },
        {
            "key": "💞咪咪资源💞",
            "name": "💞咪咪资源💞",
            "type": 0,
            "api": "http://www.caiji25.com/home/cjapi/p0as/mc10/vod/xml",
            "searchable": 0,
            "jar": "./lib/XBPQ.jar",
            "quickSearch": 0
        },
        {
            "key": "*番号",
            "name": "*番号",
            "type": 1,
            "jar": "./lib/XBPQ.jar",
            "api": "http://fhapi9.com/api.php/provide/vod/"
        },
        {
            "key": "*美少女",
            "name": "*美少女",
            "jar": "./lib/XBPQ.jar",
            "type": 0,
            "api": "https://www.msnii.com/api/xml.php",
            "searchable": 1,
            "quickSearch": 1,
            "filterable": 1
        },
        {
            "key": "*乐播资源",
            "name": "*乐播资源",
            "jar": "./lib/XBPQ.jar",
            "type": 1,
            "api": "https://lbapi9.com/api.php/provide/vod/",
            "searchable": 0,
            "quickSearch": 0
        },
        {
            "key": "*老鸭资源",
            "name": "*老鸭资源",
            "type": 1,
            "api": "https://api.apilyzy.com/api.php/provide/vod/",
            "jar": "./lib/XBPQ.jar",
            "searchable": 0,
            "quickSearch": 0
        },
        {
            "key": "*咪咪",
            "name": "*咪咪",
            "type": 0,
            "api": "http://www.caiji25.com/home/cjapi/p0as/mc/vod/xml",
            "searchable": 1,
            "jar": "./lib/XBPQ.jar",
            "quickSearch": 1,
            "filterable": 0
        },
        {
            "key": "cr32",
            "name": "*咪咪资源站",
            "type": 0,
            "jar": "./lib/XBPQ.jar",
            "api": "http://www.caiji25.com/home/cjapi/p0as/zp/vod/xml",
            "playUrl": "https://jx.kujiexi.net/m3u8.php?url=",
            "searchable": 1,
            "quickSearch": 1,
            "filterable": 0
        },
        {
            "key": "*99",
            "name": "*99",
            "type": 1,
            "jar": "./lib/XBPQ.jar",
            "api": "http://99zy.pw/api.php/provide/vod/"
        },
        {
            "key": "*99资源",
            "name": "*99资源",
            "type": 1,
            "api": "http://99zy.pw/api.php/provide/vod/",
            "searchable": 0,
            "jar": "./lib/XBPQ.jar",
            "quickSearch": 0
        },
        {
            "key": "*老鸭2",
            "name": "*老鸭2",
            "type": 0,
            "api": "https://api.apilyzy.com/api.php/provide/vod/at/xml",
            "searchable": 1,
            "quickSearch": 1,
            "jar": "./lib/XBPQ.jar",
            "filterable": 0
        },
        {
            "key": "*老鸭1",
            "name": "*老鸭1",
            "type": 1,
            "api": "https://api.apilyzy.com/api.php/provide/vod/?ac=list",
            "searchable": 1,
            "jar": "./lib/XBPQ.jar",
            "quickSearch": 1,
            "filterable": 0
        },
        {
            "key": "*Sm",
            "name": "*Sm",
            "type": 0,
            "jar": "./lib/XBPQ.jar",
            "api": "https://api.maozyapi.com/inc/api.php"
        },
        {
            "key": "*饮水机",
            "name": "*饮水机",
            "type": 0,
            "api": "https://www.xrbsp.com/api/xml.php",
            "jar": "./lib/XBPQ.jar",
            "searchable": 1,
            "quickSearch": 1,
            "filterable": 1
        },
        {
            "key": "KpgxdyE",
            "name": "黄AV资源(已修复)",
            "type": 0,
            "api": "https://www.pgxdy.com/api/xml.php",
            "jar": "./lib/XBPQ.jar",
            "searchable": 1,
            "quickSearch": 1,
            "filterable": 1
        },
        {
            "key": "zp157",
            "name": "🔞熊猫资源",
            "type": 0,
            "api": "http://jcspcj8.com/api?ac=list",
            "searchable": 1,
            "jar": "./lib/XBPQ.jar",
            "quickSearch": 1,
            "filterable": 0
        },
        {
            "key": "gdlsE",
            "name": "香奶儿资源",
            "type": 0,
            "jar": "./lib/XBPQ.jar",
            "api": "https://www.gdlsp.com/api/xml.php",
            "searchable": 1,
            "quickSearch": 1,
            "filterable": 1
        },
        {
            "key": "*热巴资源",
            "name": "*热巴资源",
            "type": 1,
            "api": "http://reba.aishunxs.com/api.php/provide/vod/",
            "jar": "./lib/XBPQ.jar",
            "searchable": 0,
            "quickSearch": 0
        },
        {
            "key": "*白嫖",
            "name": "*白嫖",
            "type": 0,
            "jar": "./lib/XBPQ.jar",
            "api": "https://www.kxgav.com/api/xml.php"
        },
        {
            "key": "*白嫖资源",
            "name": "*白嫖资源",
            "type": 0,
            "api": "https://www.kxgav.com/api/xml.php",
            "jar": "./lib/XBPQ.jar",
            "searchable": 0,
            "quickSearch": 0
        },
        {
            "key": "*黄AV",
            "name": "*黄AV",
            "type": 0,
            "jar": "./lib/XBPQ.jar",
            "api": "https://www.pgxdy.com/api/xml.php"
        },
        {
            "key": "*淫水机资源",
            "name": "*淫水机资源",
            "type": 0,
            "api": "https://www.xrbsp.com/api/xml.php",
            "searchable": 0,
            "jar": "./lib/XBPQ.jar",
            "quickSearch": 0
        },
        {
            "key": "xrbsp.com",
            "name": "成人66",
            "type": 0,
            "api": "https://www.xrbsp.com/api/xml.php",
            "jar": "./lib/XBPQ.jar",
            "quickSearch": 1,
            "searchable": 1,
            "filterable": 1
        },
        {
            "key": "zp116",
            "name": "*泡芙资源",
            "type": 0,
            "jar": "./lib/XBPQ.jar",
            "api": "http://zmcj88.com/api?ac=list",
            "searchable": 1,
            "quickSearch": 1,
            "filterable": 0
        },
        {
            "key": "*饮水机",
            "name": "*饮水机",
            "type": 0,
            "api": "https://www.xrbsp.com/api/xml.php",
            "jar": "./lib/XBPQ.jar",
            "searchable": 1,
            "quickSearch": 1,
            "filterable": 1
        },
        {
            "key": "*香奶儿",
            "name": "*香奶儿",
            "jar": "./lib/XBPQ.jar",
            "type": 0,
            "api": "https://www.gdlsp.com/api/xml.php"
        },
        {
            "key": "*香奶儿资源",
            "name": "*香奶儿资源",
            "type": 0,
            "api": "https://www.gdlsp.com/api/xml.php",
            "searchable": 0,
            "jar": "./lib/XBPQ.jar",
            "quickSearch": 0
        },
        {
            "key": "*KK写真资源",
            "name": "*KK写真资源",
            "type": 1,
            "api": "https://kkzy.me/api.php/provide/vod/",
            "jar": "./lib/XBPQ.jar",
            "searchable": 0,
            "quickSearch": 0
        },
        {
            "key": "maozyapi",
            "name": "*色猫",
            "type": 0,
            "jar": "./lib/XBPQ.jar",
            "api": "https://api.maozyapi.com/inc/api.php/provide/vod/at/xml/",
            "playUrl": "https://jx.kujiexi.net/m3u8.php?url=",
            "searchable": 1,
            "quickSearch": 1,
            "filterable": 0
        },
        {
            "key": "豆瓣",
            "name": "豆瓣",
            "type": 3,
            "api": "csp_Douban",
            "searchable": 0,
            "changeable": 1,
            "indexs": 1,
            "ext": "./lib/douban.json"
        },
        {
            "key": "Youtube",
            "name": "Youtube",
            "type": 3,
            "api": "csp_Youtube",
            "searchable": 1,
            "quickSearch": 0,
            "changeable": 0,
            "timeout": 120,
            "ext": {
                "token": "./lib/tokenm.json",
                "json": "https://mirror.ghproxy.com/https://raw.githubusercontent.com/yuanwangokk-1/TV-BOX/main/TV/lib/youtube.json",
                "type": "直播#新闻#剧集#电影#综艺#纪录片#音乐#体育#动物#风光#放松#4K#HDR#movie#music#documentary#bbc documentary#national geographic documentary",
                "keywords": "排行榜,HOT,TRENDS,热门话题,热门趋势,热门综艺,热门电影,热门电视剧,小姐姐",
                "codecs": "",
                "proxy": "127.0.0.1:10072",
                "danmu": true
            },
            "style": {
                "type": "rect",
                "ratio": 1.77
            }
        },
        {
            "key": "网盘配置",
            "name": "网盘及彈幕配置",
            "type": 3,
            "api": "csp_Config",
            "searchable": 0,
            "changeable": 0,
            "ext": "./lib/tokenm.json",
            "style": {
                "type": "rect",
                "ratio": 1.5
            }
        },
        {
            "key": "Local",
            "name": "本地",
            "type": 3,
            "api": "csp_Local"
        },
        {
            "key": "PushShare",
            "name": "我的资源分享",
            "type": 3,
            "api": "csp_PushShare",
            "searchable": 1,
            "quickSearch": 1,
            "changeable": 1,
            "filterable": 0,
            "timeout": 60,
            "ext": "./lib/tokenm.json$$$./lib/pushshare.txt$$$db$$$1",
            "style": {
                "type": "list",
                "ratio": 1.1
            }
        },
        {
            "key": "AliShare",
            "name": "阿里云盘影视分享",
            "type": 3,
            "api": "csp_AliShare",
            "searchable": 1,
            "quickSearch": 1,
            "changeable": 1,
            "filterable": 0,
            "timeout": 60,
            "ext": "./lib/tokenm.json$$$./lib/alishare.txt$$$db$$$1",
            "style": {
                "type": "list",
                "ratio": 1.1
            }
        },
        {
            "key": "AliShareEBook",
            "name": "阿里云盘书籍分享",
            "type": 3,
            "api": "csp_AliShare",
            "searchable": 0,
            "quickSearch": 0,
            "changeable": 0,
            "filterable": 0,
            "timeout": 60,
            "ext": "./lib/tokenm.json$$$./lib/alishare.ebook.txt$$$db$$$1",
            "style": {
                "type": "list",
                "ratio": 1.1
            }
        },
        {
            "key": "QuarkShare",
            "name": "夸克云盘分享",
            "type": 3,
            "api": "csp_QuarkShare",
            "searchable": 1,
            "quickSearch": 0,
            "changeable": 0,
            "filterable": 0,
            "timeout": 60,
            "ext": "./lib/tokenm.json$$$./lib/quarkshare.txt",
            "style": {
                "type": "list",
                "ratio": 1.1
            }
        },
        {
            "key": "115Share",
            "name": "115云盘分享",
            "type": 3,
            "api": "csp_P115Share",
            "searchable": 1,
            "quickSearch": 1,
            "changeable": 1,
            "filterable": 0,
            "timeout": 120,
            "ext": "./lib/tokenm.json$$$./lib/115share.txt$$$db$$$1",
            "style": {
                "type": "list",
                "ratio": 1.1
            }
        },
        {
            "key": "UCShare",
            "name": "UC云盘分享",
            "type": 3,
            "api": "csp_UCShare",
            "searchable": 1,
            "quickSearch": 0,
            "changeable": 0,
            "filterable": 0,
            "timeout": 60,
            "ext": "./lib/tokenm.json$$$./lib/ucshare.txt$$$db$$$1",
            "style": {
                "type": "list",
                "ratio": 1.1
            }
        },
        {
            "key": "ThunderShare",
            "name": "迅雷云盘分享",
            "type": 3,
            "api": "csp_ThunderShare",
            "searchable": 1,
            "quickSearch": 0,
            "changeable": 0,
            "filterable": 0,
            "timeout": 60,
            "ext": "./lib/tokenm.json$$$./lib/thundershare.txt",
            "style": {
                "type": "list",
                "ratio": 1.1
            }
        },
        {
            "key": "PikPakShare",
            "name": "PikPak分享",
            "type": 3,
            "api": "csp_PikPakShare",
            "searchable": 1,
            "quickSearch": 1,
            "changeable": 1,
            "filterable": 0,
            "timeout": 60,
            "ext": "./lib/tokenm.json$$$./lib/pikpakclass.json$$$./lib/pikpakclass.json.txt.gz",
            "style": {
                "type": "list",
                "ratio": 1.1
            }
        },
        {
            "key": "SambaShare",
            "name": "Samba分享",
            "type": 3,
            "api": "csp_SambaShare",
            "searchable": 0,
            "quickSearch": 0,
            "changeable": 0,
            "filterable": 0,
            "timeout": 60,
            "ext": "./lib/tokenm.json$$$./lib/sambashare.txt"
        },
        {
            "key": "直播转点播",
            "name": "🐼️┃电视┃直播",
            "type": 3,
            "searchable": 0,
            "api": "./lib/apiv3059live2vod.js",
            "ext": "./lib/feimaolive.json"
        },
        {
            "key": "FirstAid",
            "name": "🚑 急救知识 ",
            "type": 3,
            "api": "csp_FirstAid",
            "searchable": 0,
            "quickSearch": 0,
            "changeable": 0,
            "style": {
                "type": "rect",
                "ratio": 3.8
            }
        },
        {
            "key": "drpy_js_磁力熊",
            "name": "磁力熊[js]|索引",
            "type": 3,
            "api": "./lib/apiv3105drpy2.min.js",
            "ext": "./lib/cilixiongp.js",
            "playerType": "1",
            "searchable": 0,
            "quickSearch": 0,
            "changeable": 1,
            "indexs": 1
        },
        {
            "key": "bili",
            "name": "B站 | Bili[jar]",
            "type": 3,
            "api": "csp_Bili",
            "searchable": 1,
            "quickSearch": 0,
            "changeable": 0,
            "ext": {
                "type": "演唱会#电影#电视剧#帕梅拉#广场舞#纪录片#综艺#鬼畜#音乐#舞蹈#影视#知识#美食#风光#田园#户外#8K#徐云",
                "cookie": ""
            }
        },
        {
            "key": "美剧迷",
            "name": "美剧迷|网盘",
            "type": 3,
            "api": "csp_Meijumi",
            "quickSearch": 1,
            "changeable": 1,
            "filterable": 1,
            "timeout": 120,
            "ext": "./lib/tokenm.json$$$https://www.meijumi.net/$$$proxy$$$1"
        },
        {
            "key": "Libvio",
            "name": "LIBVIO|网盘",
            "type": 3,
            "api": "csp_Libvio",
            "quickSearch": 1,
            "changeable": 1,
            "filterable": 1,
            "timeout": 60,
            "ext": "./lib/tokenm.json$$$https://www.libvio.fun/$$$null"
        },
        {
            "key": "Bt0",
            "name": "不太灵|磁力",
            "type": 3,
            "api": "csp_Bt0",
            "quickSearch": 1,
            "changeable": 1,
            "filterable": 1,
            "timeout": 60,
            "ext": "./lib/tokenm.json$$$null$$$noproxy$$$1",
            "style": {
                "type": "list",
                "ratio": 1.1
            }
        },
        {
            "key": "Xpanpan",
            "name": "小盘盘|网盘",
            "type": 3,
            "api": "csp_Xpanpan",
            "quickSearch": 1,
            "changeable": 1,
            "filterable": 1,
            "timeout": 60,
            "ext": "./lib/tokenm.json$$$https://xpanpan.site$$$noproxy$$$1",
            "style": {
                "type": "list",
                "ratio": 1.1
            }
        },
        {
            "key": "Wogg",
            "name": "玩偶哥哥|网盘",
            "type": 3,
            "api": "csp_Wogg",
            "quickSearch": 1,
            "changeable": 1,
            "filterable": 1,
            "timeout": 60,
            "ext": "./lib/tokenm.json$$$https://wogg.888484.xyz/$$$noproxy$$$1$$$./lib/wogg.json$$$WOGG"
        },
        {
            "key": "Wobg",
            "name": "玩偶表哥|网盘",
            "type": 3,
            "api": "csp_Wobg",
            "quickSearch": 1,
            "changeable": 1,
            "filterable": 1,
            "timeout": 60,
            "ext": "./lib/tokenm.json$$$https://wobge.run.goorm.io$$$proxy$$$1$$$./lib/wogg.json$$$WOBG"
        },
        {
            "key": "yydsys",
            "name": "玩你老哥|网盘",
            "type": 3,
            "api": "csp_Wobg",
            "quickSearch": 1,
            "changeable": 1,
            "filterable": 1,
            "timeout": 60,
            "ext": "./lib/tokenm.json$$$https://tv.yydsys.top/$$$proxy$$$1$$$./lib/wogg.json$$$WNLG"
        },
        {
            "key": "蜡笔网盘",
            "name": "蜡笔|网盘",
            "type": 3,
            "api": "csp_Wobg",
            "quickSearch": 1,
            "changeable": 1,
            "filterable": 1,
            "timeout": 60,
            "ext": "./lib/tokenm.json$$$https://duopan.fun/$$$noproxy$$$1$$$./lib/wogg.json$$$LABI"
        },
        {
            "key": "Mogg",
            "name": "木偶哥哥|网盘",
            "type": 3,
            "api": "csp_Wobg",
            "quickSearch": 1,
            "changeable": 1,
            "filterable": 1,
            "timeout": 60,
            "ext": "./lib/tokenm.json$$$http://mogg.top/$$$noproxy$$$1$$$./lib/wogg.json$$$MOGG"
        },
        {
            "key": "土豆",
            "name": "土豆|网盘",
            "type": 3,
            "api": "csp_Wobg",
            "searchable": 1,
            "filterable": 0,
            "changeable": 1,
            "timeout": 60,
            "ext": "./lib/tokenm.json$$$https://tudou.lvdoui.top/$$$proxy$$$1$$$./lib/wogg.json$$$TUDOU"
        },
        {
            "key": "小米网盘",
            "name": "小米|网盘",
            "type": 3,
            "api": "csp_Wobg",
            "quickSearch": 1,
            "changeable": 1,
            "filterable": 1,
            "timeout": 60,
            "ext": "./lib/tokenm.json$$$https://mihdr.top/$$$noproxy$$$1$$$./lib/wogg.json$$$XIAOMI"
        },
        {
            "key": "Gaoqing",
            "name": "中国高清网|网盘",
            "type": 3,
            "api": "csp_Gaoqing",
            "quickSearch": 1,
            "changeable": 1,
            "filterable": 1,
            "timeout": 60,
            "ext": "./lib/tokenm.json$$$https://gaoqing.la/$$$proxy$$$1"
        },
        {
            "key": "Yinfans",
            "name": "音范丝|磁力",
            "type": 3,
            "api": "csp_Gaoqing",
            "quickSearch": 1,
            "changeable": 1,
            "filterable": 1,
            "timeout": 60,
            "ext": "./lib/tokenm.json$$$https://www.yinfans.me/$$$proxy$$$1"
        },
        {
            "key": "ddys",
            "name": "低端影视|网盘",
            "type": 3,
            "api": "csp_Ddys",
            "quickSearch": 1,
            "changeable": 1,
            "filterable": 1,
            "timeout": 60,
            "ext": "./lib/tokenm.json$$$https://ddys.pro/$$$proxy$$$1$$$"
        },
        {
            "key": "Xinshijue",
            "name": "新视觉|网盘",
            "type": 3,
            "api": "csp_Xinshijue",
            "quickSearch": 1,
            "changeable": 1,
            "filterable": 1,
            "timeout": 60,
            "ext": "./lib/tokenm.json$$$https://6080z.com/$$$noproxy$$$1$$$./lib/wogg.json"
        },
        {
            "key": "团长资源",
            "name": "团长资源|网盘",
            "type": 3,
            "api": "csp_TZFile",
            "quickSearch": 1,
            "changeable": 1,
            "filterable": 1,
            "timeout": 60,
            "ext": "./lib/tokenm.json$$$noproxy$$$1"
        },
        {
            "key": "欧乐影院",
            "name": "欧乐影院|海外",
            "type": 3,
            "api": "csp_Olevod",
            "quickSearch": 1,
            "changeable": 1,
            "filterable": 1,
            "timeout": 60,
            "ext": "./lib/tokenm.json$$$null$$$proxy$$$1"
        },
        {
            "key": "Moli",
            "name": "HDmoli|网盘",
            "type": 3,
            "api": "csp_Moli",
            "quickSearch": 1,
            "changeable": 1,
            "filterable": 1,
            "timeout": 60,
            "ext": "./lib/tokenm.json$$$https://www.hdmoli.pro/$$$proxy$$$1$$$./lib/moli.json"
        },
        {
            "key": "Hdhive",
            "name": "影巢|网盘",
            "type": 3,
            "api": "csp_Hdhive",
            "quickSearch": 1,
            "changeable": 1,
            "filterable": 1,
            "timeout": 60,
            "ext": "./lib/tokenm.json$$$https://www.hdhive.online/$$$noproxy$$$1"
        },
        {
            "key": "Ppxzy",
            "name": "皮皮虾|网盘",
            "type": 3,
            "api": "csp_Ppxzy",
            "quickSearch": 1,
            "changeable": 1,
            "filterable": 1,
            "timeout": 60,
            "ext": "./lib/tokenm.json$$$https://ppxzy.ink$$$proxy$$$1"
        },
        {
            "key": "校长影视",
            "name": "校长影视|网盘",
            "type": 3,
            "api": "csp_XiaoZhang",
            "quickSearch": 1,
            "changeable": 1,
            "filterable": 1,
            "timeout": 60,
            "ext": "./lib/tokenm.json$$$https://xzyshd.com$$$proxy$$$1"
        },
        {
            "key": "Bdys_spider",
            "name": "哔滴┃磁力",
            "api": "csp_Bdys01",
            "type": 3,
            "filterable": 1,
            "quickSearch": 1,
            "searchable": 1,
            "timeout": 60,
            "ext": "./lib/tokenm.json$$$https://www.yjys01.com/$$$proxy$$$1"
        },
        {
            "key": "TGYunPan",
            "name": "TG搜索Local|网盘搜索",
            "type": 3,
            "api": "csp_TGYunPanLocal",
            "timeout": 60,
            "ext": "./lib/tokenm.json$$$https://t.me/$$$hao115,guaguale115,dianyingshare,XiangxiuNB,yunpanpan,kuakeyun,zaihuayun,Quark_Movies,alyp_4K_Movies,vip115hot,yunpanshare,ucwangpan,Quark_Share_Channel,Aliyundrive_Share_Channel,shareAliyun,ikiviyyp,wanwansubchat,wangpanziyuan2021,alyp_1,quanziyuanshe$$$proxy$$$1"
        },
        {
            "key": "YunPan",
            "name": "云盘资源|网盘",
            "type": 3,
            "api": "csp_YunPan",
            "timeout": 60,
            "ext": "./lib/tokenm.json$$$null$$$proxy$$$1"
        },
        {
            "key": "YingSo",
            "name": "影搜|网盘搜索",
            "type": 3,
            "api": "csp_YingSo",
            "timeout": 60,
            "ext": "./lib/tokenm.json"
        },
        {
            "key": "混合盘",
            "name": "混合盘|网盘搜索",
            "type": 3,
            "api": "csp_HunHePan",
            "timeout": 60,
            "ext": "./lib/tokenm.json",
            "style": {
                "type": "list",
                "ratio": 1.1
            }
        },
        {
            "key": "88Pan",
            "name": "88网盘|网盘搜索",
            "type": 3,
            "api": "csp_EightEight",
            "timeout": 60,
            "ext": "./lib/tokenm.json$$$https://662688.xyz$$$",
            "style": {
                "type": "list",
                "ratio": 1.1
            }
        },
        {
            "key": "PanSearch",
            "name": "PanSearch|网盘搜索",
            "type": 3,
            "api": "csp_PanSearch",
            "quickSearch": 1,
            "changeable": 1,
            "filterable": 1,
            "timeout": 60,
            "ext": "./lib/tokenm.json$$$null$$$proxy"
        },
        {
            "key": "盘友圈",
            "name": "盘友圈|网盘搜索",
            "type": 3,
            "api": "csp_Panyq",
            "timeout": 60,
            "ext": "./lib/tokenm.json$$$site$$$proxy"
        },
        {
            "key": "易搜",
            "name": "易搜|网盘搜索",
            "type": 3,
            "api": "csp_YiSo",
            "timeout": 60,
            "ext": "./lib/tokenm.json$$$./lib/yiso.txt",
            "style": {
                "type": "list",
                "ratio": 1.1
            }
        },
        {
            "key": "秒搜",
            "name": "秒搜|网盘搜索",
            "type": 3,
            "api": "csp_MiaoSou",
            "timeout": 60,
            "ext": "./lib/tokenm.json",
            "style": {
                "type": "list",
                "ratio": 1.1
            }
        },
        {
            "key": "Funletu",
            "name": "趣盘搜|夸克搜索",
            "type": 3,
            "api": "csp_Funletu",
            "quickSearch": 1,
            "changeable": 1,
            "filterable": 1,
            "timeout": 60,
            "ext": "./lib/tokenm.json",
            "style": {
                "type": "list",
                "ratio": 1.1
            }
        },
        {
            "key": "QuarkPanso",
            "name": "夸克盘搜|夸克搜索",
            "type": 3,
            "api": "csp_QuarkPanso",
            "quickSearch": 1,
            "changeable": 1,
            "filterable": 1,
            "timeout": 60,
            "ext": "./lib/tokenm.json",
            "style": {
                "type": "list",
                "ratio": 1.1
            }
        },
        {
            "key": "Panta",
            "name": "盘Ta|网盘",
            "type": 3,
            "api": "csp_Panta",
            "quickSearch": 1,
            "changeable": 1,
            "filterable": 1,
            "timeout": 60,
            "ext": "./lib/tokenm.json$$$https://www.91panta.cn/$$$null$$$1",
            "style": {
                "type": "list",
                "ratio": 1.1
            }
        },
        {
            "key": "DaPanSo",
            "name": "大盘搜|网盘搜索",
            "type": 3,
            "api": "csp_DaPanSo",
            "quickSearch": 1,
            "changeable": 1,
            "filterable": 1,
            "timeout": 60,
            "ext": "./lib/tokenm.json$$$https://dapanso.com$$$proxy$$$1"
        },
        {
            "key": "PikaSo",
            "name": "皮卡搜|网盘搜索",
            "type": 3,
            "api": "csp_PikaSo",
            "quickSearch": 1,
            "changeable": 1,
            "filterable": 1,
            "timeout": 60,
            "ext": "./lib/tokenm.json$$$https://www.pikaso.top/$$$null",
            "style": {
                "type": "list",
                "ratio": 1.1
            }
        },
        {
            "key": "Qianfan",
            "name": "千帆|网盘搜索",
            "type": 3,
            "api": "csp_Qianfan",
            "quickSearch": 1,
            "changeable": 1,
            "filterable": 1,
            "timeout": 60,
            "ext": "./lib/tokenm.json$$$https://pan.qianfan.app$$$null$$$./lib/qianfan.txt$$$1"
        },
        {
            "key": "YunSo",
            "name": "小云搜索|网盘搜索",
            "type": 3,
            "api": "csp_YunSo",
            "quickSearch": 1,
            "changeable": 1,
            "filterable": 1,
            "timeout": 60,
            "ext": "./lib/tokenm.json$$$https://www.yunso.net$$$null$$$1",
            "style": {
                "type": "list",
                "ratio": 1.1
            }
        },
        {
            "key": "YunPanOne",
            "name": "云盘One|网盘搜索",
            "type": 3,
            "api": "csp_YunPanOne",
            "quickSearch": 1,
            "changeable": 1,
            "filterable": 1,
            "timeout": 60,
            "ext": "./lib/tokenm.json$$$null$$$proxy$$$1"
        },
        {
            "key": "新6V",
            "name": "新6V|网盘",
            "type": 3,
            "api": "csp_Xb6v",
            "searchable": 1,
            "changeable": 1,
            "timeout": 60,
            "ext": "./lib/tokenm.json$$$https://www.66ss.org$$$null$$$1"
        },
        {
            "key": "賤賤",
            "name": "荐片",
            "type": 3,
            "api": "csp_Jianpian",
            "searchable": 1,
            "changeable": 1,
            "ext": "./lib/jianpian.json$$$1",
            "timeout": 60
        },
        {
            "key": "NanGua",
            "name": "南瓜|弹幕",
            "type": 3,
            "api": "csp_NanGua",
            "searchable": 1,
            "changeable": 1,
            "ext": "null$$$1"
        },
        {
            "key": "天天",
            "name": "天天┃App",
            "type": 3,
            "api": "csp_TTian",
            "ext": "http://op.ysdqjs.cn$$$null$$$1"
        },
        {
            "key": "追剧",
            "name": "追剧┃App",
            "type": 3,
            "api": "csp_TTian",
            "ext": "http://app.kzjtv.com$$$null$$$1"
        },
        {
            "key": "黑木耳",
            "name": "黑木耳",
            "type": 1,
            "api": "http://127.0.0.1:10079/p/0/null/https://json.heimuer.xyz/api.php/provide/vod/",
            "searchable": 1,
            "quickSearch": 1
        },
        {
            "key": "索尼资源",
            "name": "索尼┃资源",
            "type": 1,
            "api": "https://suoniapi.com/api.php/provide/vod/from/snm3u8/",
            "categories": [
                "动作片",
                "喜剧片",
                "爱情片",
                "科幻片",
                "恐怖片",
                "剧情片",
                "战争片",
                "国产剧",
                "欧美剧",
                "韩剧",
                "日剧",
                "港剧",
                "台剧",
                "泰剧",
                "海外剧",
                "纪录片",
                "大陆综艺",
                "日韩综艺",
                "港台综艺",
                "欧美综艺",
                "国产动漫",
                "日韩动漫",
                "欧美动漫",
                "动画片",
                "港台动漫",
                "海外动漫",
                "演唱会",
                "体育赛事",
                "篮球",
                "足球",
                "预告片",
                "斯诺克",
                "影视解说"
            ],
            "searchable": 1,
            "quickSearch": 1
        },
        {
            "key": "drpy_js_愛盤搜",
            "name": "爱盘搜[js]|夸",
            "type": 3,
            "api": "./lib/apiv3105drpy2.min.js",
            "ext": "./lib/aipanso.js",
            "quickSearch": 1,
            "changeable": 1,
            "timeout": 60,
            "style": {
                "type": "list",
                "ratio": 1.1
            }
        },
        {
            "key": "drpy_js_人人影视",
            "name": "人人影视[js]|搜",
            "type": 3,
            "api": "./lib/apiv3105drpy2.min.js",
            "ext": "./lib/yyets.js",
            "quickSearch": 1,
            "changeable": 1,
            "timeout": 60,
            "style": {
                "type": "list",
                "ratio": 1.1
            }
        },
        {
            "key": "drpy_js_MP4US",
            "name": "MP4电影[js]|磁",
            "type": 3,
            "api": "./lib/apiv3105drpy2.min.js",
            "ext": "./lib/mp4us.js",
            "quickSearch": 1,
            "changeable": 1,
            "timeout": 60
        },
        {
            "key": "4KHDR",
            "name": "4KHDR|网盘",
            "type": 3,
            "api": "csp_FourKHDR",
            "quickSearch": 1,
            "changeable": 1,
            "filterable": 1,
            "timeout": 60,
            "ext": "./lib/tokenm.json$$$./lib/4khdr.txt$$$1",
            "style": {
                "type": "list",
                "ratio": 1.1
            }
        },
        {
            "key": "UP云搜",
            "name": "阿里|UP云搜",
            "type": 3,
            "api": "csp_UpYun",
            "timeout": 30,
            "ext": "./lib/tokenm.json",
            "style": {
                "type": "list",
                "ratio": 1.1
            }
        },
        {
            "key": "JustLive",
            "name": "JustLive",
            "type": 3,
            "api": "csp_JustLive",
            "searchable": 1,
            "changeable": 0
        },
        {
            "key": "drpy_js_酷吧",
            "name": "酷吧[js]|磁",
            "type": 3,
            "api": "./lib/apiv3105drpy2.min.js",
            "ext": "./lib/kuba.js",
            "quickSearch": 1,
            "changeable": 1,
            "timeout": 60
        },
        {
            "key": "BLSGod",
            "name": "BLSGod|磁",
            "type": 3,
            "api": "csp_BLSGod",
            "changeable": 1,
            "timeout": 60
        },
        {
            "key": "Xunlei8",
            "name": "Xunlei8|磁",
            "type": 3,
            "api": "csp_Xunlei8",
            "changeable": 1,
            "timeout": 60
        },
        {
            "key": "SeedHub",
            "name": "SeedHub|磁",
            "type": 3,
            "api": "csp_SeedHub",
            "changeable": 1,
            "timeout": 60
        },
        {
            "key": "AList",
            "name": "网盘|Alist[jar]",
            "type": 3,
            "api": "csp_AList",
            "searchable": 1,
            "filterable": 1,
            "changeable": 1,
            "ext": "./lib/alistjar.json"
        },
        {
            "key": "快看",
            "name": "快看",
            "type": 3,
            "api": "csp_Kuaikan",
            "searchable": 1,
            "quickSearch": 1,
            "changeable": 0,
            "filterable": 1
        },
        {
            "key": "Ikanbot",
            "name": "爱看机器人",
            "type": 3,
            "api": "csp_Ikanbot",
            "searchable": 1,
            "quickSearch": 1,
            "filterable": 1,
            "changeable": 1,
            "ext": "https://v.aikanbot.com$$$proxy"
        },
        {
            "key": "csp_YingShi",
            "name": "影视|海外",
            "type": 3,
            "api": "csp_YingShi",
            "ext": "proxy"
        },
        {
            "key": "星星",
            "name": "星星 | 海外",
            "type": 3,
            "api": "csp_Star",
            "searchable": 1,
            "changeable": 0,
            "ext": "proxy"
        },
        {
            "key": "獨播",
            "name": "獨播 | 海外",
            "type": 3,
            "api": "csp_XPathMacFilter",
            "searchable": 1,
            "changeable": 0,
            "ext": "./lib/duboku.json$$$proxy"
        },
        {
            "key": "haiwaikan",
            "name": "海外看",
            "type": 1,
            "api": "http://127.0.0.1:10079/p/0/proxy/https://haiwaikan.com/api.php/provide/vod?",
            "playUrl": "json:http://127.0.0.1:10079/parse/?thread=0&proxy=proxy&url=",
            "searchable": 1,
            "changeable": 1,
            "categories": [
                "日本动漫",
                "国产动漫",
                "欧美动漫",
                "国产剧",
                "韩剧",
                "日剧",
                "台剧",
                "泰剧",
                "港剧",
                "欧美剧",
                "动画电影",
                "韩国综艺",
                "国产综艺",
                "日本综艺",
                "欧美综艺",
                "冒险片",
                "剧情片",
                "动作片",
                "同性片",
                "喜剧片",
                "奇幻片",
                "恐怖片",
                "悬疑片",
                "惊悚片",
                "战争片",
                "歌舞片",
                "灾难片",
                "爱情片",
                "犯罪片",
                "科幻片",
                "纪录片",
                "经典片"
            ]
        },
        {
            "key": "ikun",
            "name": "ikun",
            "type": 1,
            "api": "http://127.0.0.1:10079/p/0/proxy/https://ikunzyapi.com/api.php/provide/vod/?",
            "playUrl": "json:http://127.0.0.1:10079/parse/?thread=0&proxy=proxy&url=",
            "playerType": 1,
            "searchable": 1,
            "changeable": 1
        },
        {
            "key": "飞速资源",
            "name": "飞速资源",
            "type": 1,
            "api": "http://127.0.0.1:10079/p/0/proxy/http://fszy1.com/api.php/provide/vod/?",
            "playUrl": "json:http://127.0.0.1:10079/parse/?thread=0&proxy=proxy&url=",
            "playerType": 1,
            "searchable": 1,
            "changeable": 1
        },
        {
            "key": "暴風",
            "name": "暴風",
            "type": 1,
            "api": "http://127.0.0.1:10079/p/0/proxy/https://bfzyapi.com/api.php/provide/vod?",
            "playUrl": "json:http://127.0.0.1:10079/parse/?thread=0&proxy=proxy&url=",
            "searchable": 1,
            "changeable": 1
        },
        {
            "key": "索尼",
            "name": "索尼 ",
            "type": 1,
            "api": "http://127.0.0.1:10079/p/0/proxy/https://suoniapi.com/api.php/provide/vod?",
            "playUrl": "json:http://127.0.0.1:10079/parse/?thread=0&proxy=proxy&url=",
            "searchable": 1,
            "changeable": 1
        },
        {
            "key": "快帆",
            "name": "快帆",
            "type": 1,
            "api": "http://127.0.0.1:10079/p/0/proxy/https://api.kuaifan.tv/api.php/provide/vod?",
            "playUrl": "json:http://127.0.0.1:10079/parse/?thread=0&proxy=proxy&url=",
            "searchable": 1,
            "changeable": 1
        },
        {
            "key": "量子",
            "name": "量子",
            "type": 1,
            "api": "http://127.0.0.1:10079/p/0/proxy/http://cj.lziapi.com/api.php/provide/vod/?",
            "playUrl": "json:http://127.0.0.1:10079/parse/?thread=0&proxy=proxy&url=",
            "playerType": 1,
            "searchable": 1,
            "changeable": 1
        },
        {
            "key": "非凡",
            "name": "非凡",
            "type": 1,
            "api": "http://127.0.0.1:10079/p/0/proxy/http://cj.ffzyapi.com/api.php/provide/vod/?",
            "playUrl": "json:http://127.0.0.1:10079/parse/?thread=0&proxy=proxy&url=",
            "playerType": 1,
            "searchable": 1,
            "changeable": 1,
            "categories": [
                "国产动漫",
                "日韩动漫",
                "国产剧",
                "韩国剧",
                "日本剧",
                "电影片",
                "连续剧",
                "综艺片",
                "动漫片",
                "动作片",
                "喜剧片",
                "爱情片",
                "科幻片",
                "恐怖片",
                "剧情片",
                "战争片",
                "香港剧",
                "欧美剧",
                "记录片",
                "台湾剧",
                "海外剧",
                "泰国剧",
                "大陆综艺",
                "港台综艺",
                "日韩综艺",
                "欧美综艺",
                "欧美动漫",
                "港台动漫",
                "海外动漫"
            ]
        },
        {
            "key": "櫻花",
            "name": "櫻花",
            "type": 3,
            "api": "csp_Ying",
            "searchable": 1,
            "changeable": 0
        },
        {
            "key": "巴士",
            "name": "巴士",
            "type": 3,
            "api": "csp_Dm84",
            "searchable": 1,
            "changeable": 0
        },
        {
            "key": "異界",
            "name": "異界",
            "type": 3,
            "api": "csp_Ysj",
            "searchable": 1,
            "changeable": 0
        },
        {
            "key": "短剧",
            "name": "短剧",
            "type": 3,
            "api": "csp_Duanju",
            "searchable": 0,
            "changeable": 1,
            "ext": "https://www.duanjutv.icu"
        },
        {
            "key": "drpy_js_Alist",
            "name": "网盘 | Alist[js]",
            "type": 3,
            "api": "./lib/apiv5195alist.min.js",
            "searchable": 1,
            "filterable": 1,
            "changeable": 1,
            "ext": "./lib/alist.json"
        },
        {
            "key": "MV_vod",
            "name": "电视┃MTV",
            "type": 1,
            "api": "https://mv.wogg.link/mv/vod",
            "searchable": 1,
            "quickSearch": 0,
            "changeable": 0
        },
        {
            "key": "酷狗",
            "name": "酷狗",
            "type": 3,
            "api": "csp_Kugou",
            "searchable": 1,
            "changeable": 0
        },
        {
            "key": "Iktv",
            "name": "KTV",
            "type": 3,
            "api": "csp_Iktv",
            "searchable": 1,
            "changeable": 0
        },
        {
            "key": "Yinyuetai",
            "name": "音悦台",
            "type": 3,
            "api": "csp_Yinyuetai",
            "searchable": 1,
            "changeable": 0
        },
        {
            "key": "push_agent",
            "name": "推送",
            "type": 3,
            "api": "csp_Push",
            "changeable": 0,
            "timeout": 30,
            "ext": "./lib/tokenm.json"
        },
        {
            "key": "應用商店",
            "name": "應用商店",
            "type": 3,
            "api": "csp_Market",
            "searchable": 0,
            "changeable": 0,
            "ext": "./lib/market.json"
        }
    ],
    "lives": [
        {
            "name": "zouming.ipv6",
            "type": 0,
            "url": "http://127.0.0.1:10079/p/0/proxy/http://ww.zouming.com/ipv6.txt",
            "ua": "okhttp/3.15",
            "epg": "http://127.0.0.1:10079/p/0/proxy/http://epg.112114.xyz/?ch={name}&date={date}",
            "logo": "http://127.0.0.1:10079/p/0/proxy/https://epg.112114.xyz/logo/{name}.png"
        },
        {
            "name": "live.ipv6",
            "type": 0,
            "url": "http://127.0.0.1:10079/p/0/proxy/https://fanmingming.com/txt?url=https://live.fanmingming.com/tv/m3u/ipv6.m3u",
            "ua": "okhttp/3.15",
            "epg": "http://127.0.0.1:10079/p/0/proxy/http://epg.112114.xyz/?ch={name}&date={date}",
            "logo": "http://127.0.0.1:10079/p/0/proxy/https://epg.112114.xyz/logo/{name}.png"
        },
        {
            "name": "live.ipv6.m3u",
            "type": 0,
            "url": "http://127.0.0.1:10079/p/0/proxy/https://live.fanmingming.com/tv/m3u/ipv6.m3u",
            "ua": "okhttp/3.15",
            "epg": "http://127.0.0.1:10079/p/0/proxy/http://epg.112114.xyz/?ch={name}&date={date}",
            "logo": "http://127.0.0.1:10079/p/0/proxy/https://epg.112114.xyz/logo/{name}.png"
        },
        {
            "name": "live.ipv6.local",
            "type": 0,
            "url": "./lib/live.ipv6.txt",
            "ua": "okhttp/3.15",
            "epg": "http://127.0.0.1:10079/p/0/proxy/http://epg.112114.xyz/?ch={name}&date={date}",
            "logo": "http://127.0.0.1:10079/p/0/proxy/https://epg.112114.xyz/logo/{name}.png"
        },
        {
            "name": "live.fan",
            "type": 0,
            "url": "http://127.0.0.1:10079/p/0/proxy/https://raw.githubusercontent.com/dxawi/0/main/tvlive.txt",
            "ua": "okhttp/3.15",
            "epg": "http://127.0.0.1:10079/p/0/proxy/http://epg.112114.xyz/?ch={name}&date={date}",
            "logo": "http://127.0.0.1:10079/p/0/proxy/https://epg.112114.xyz/logo/{name}.png"
        },
        {
            "name": "YTLive",
            "type": 0,
            "url": "./lib/yo21.txt"
        },
        {
            "name": "直播",
            "type": 0,
            "url": "./lib/live.txt",
            "epg": "http://127.0.0.1:10079/p/0/proxy/https://epg.112114.xyz/?ch={name}&date={date}",
            "logo": "http://127.0.0.1:10079/p/0/proxy/https://epg.112114.xyz/logo/{name}.png"
        },
        {
            "name": "TXT",
            "type": 0,
            "url": "./lib/live5473.txt",
            "epg": "http://127.0.0.1:10079/p/0/proxy/https://epg.112114.xyz/?ch={name}&date={date}",
            "logo": "http://127.0.0.1:10079/p/0/proxy/https://epg.112114.xyz/logo/{name}.png",
            "ua": "Mozilla/5.0 (Windows NT 10.0; Win64; x64) AppleWebKit/537.36 (KHTML, like Gecko) Chrome/108.0.0.0 Safari/537.36"
        },
        {
            "name": "Json",
            "type": 1,
            "url": "http://127.0.0.1:10079/p/0/proxy/https://raw.githubusercontent.com/FongMi/CatVodSpider/main/json/live.json",
            "epg": "http://127.0.0.1:10079/p/0/proxy/https://epg.112114.xyz/?ch={name}&date={date}",
            "logo": "http://127.0.0.1:10079/p/0/proxy/https://epg.112114.xyz/logo/{name}.png",
            "ua": "Mozilla/5.0 (Windows NT 10.0; Win64; x64) AppleWebKit/537.36 (KHTML, like Gecko) Chrome/108.0.0.0 Safari/537.36"
        },
        {
            "name": "live.feimao",
            "type": 0,
            "url": "http://127.0.0.1:10079/p/0/proxy/http://我不是.肥猫.live/TV/tvzb.txt",
            "ua": "okhttp/3.12.13",
            "epg": "http://127.0.0.1:10079/p/0/proxy/https://epg.112114.xyz/?ch={name}&date={date}",
            "logo": "http://127.0.0.1:10079/p/0/proxy/https://epg.112114.xyz/logo/{name}.png"
        },
        {
            "group": "redirect",
            "channels": [
                {
                    "name": "redirect",
                    "urls": [
                        "proxy://do=live&type=live&proxy=&url="
                    ]
                }
            ]
        }
    ],
    "doh": [
        {
            "name": "Google",
            "url": "https://dns.google/dns-query",
            "ips": [
                "8.8.4.4",
                "8.8.8.8"
            ]
        },
        {
            "name": "Cloudflare",
            "url": "https://cloudflare-dns.com/dns-query",
            "ips": [
                "1.1.1.1",
                "1.0.0.1",
                "2606:4700:4700::1111",
                "2606:4700:4700::1001"
            ]
        },
        {
            "name": "AdGuard",
            "url": "https://dns.adguard.com/dns-query",
            "ips": [
                "94.140.14.140",
                "94.140.14.141"
            ]
        },
        {
            "name": "DNSWatch",
            "url": "https://resolver2.dns.watch/dns-query",
            "ips": [
                "84.200.69.80",
                "84.200.70.40"
            ]
        },
        {
            "name": "Quad9",
            "url": "https://dns.quad9.net/dns-quer",
            "ips": [
                "9.9.9.9",
                "149.112.112.112"
            ]
        }
    ],
    "rules": [
        {
            "name": "proxy",
            "hosts": [
                "raw.githubusercontent.com",
                "googlevideo.com",
                "cdn.v82u1l.com",
                "cdn.iz8qkg.com",
                "cdn.kin6c1.com",
                "c.biggggg.com",
                "c.olddddd.com",
                "haiwaikan.com",
                "www.histar.tv",
                "youtube.com",
                "uhibo.com",
                ".*boku.*",
                ".*nivod.*",
                "*.t4tv.hz.cz",
                ".*ulivetv.*"
            ]
        },
        {
            "host": "www.djuu.com",
            "rule": [
                "mp4.djuu.com",
                "m4a"
            ]
        },
        {
            "host": "www.sharenice.net",
            "rule": [
                "huoshan.com",
                "/item/video/"
            ],
            "filter": []
        },
        {
            "host": "www.sharenice.net",
            "rule": [
                "sovv.qianpailive.com",
                "vid="
            ],
            "filter": []
        },
        {
            "host": "www.sharenice.net",
            "rule": [
                "douyin.com",
                "/play/"
            ]
        },
        {
            "host": "m.ysxs8.vip",
            "rule": [
                "ysting.ysxs8.vip:81",
                "xmcdn.com"
            ],
            "filter": []
        },
        {
            "host": "hdmoli.com",
            "rule": [
                ".m3u8"
            ]
        },
        {
            "host": "https://api.live.bilibili.com",
            "rule": [
                "bilivideo.com",
                "/index.m3u8"
            ],
            "filter": [
                "data.bilibili.com/log/web",
                "i0.hdslb.com/bfs/live/"
            ]
        },
        {
            "host": "www.agemys.cc",
            "rule": [
                "cdn-tos",
                "obj/tos-cn"
            ]
        },
        {
            "host": "www.fun4k.com",
            "rule": [
                "https://hd.ijycnd.com/play",
                "index.m3u8"
            ]
        },
        {
            "host": "zjmiao.com",
            "rule": [
                "play.videomiao.vip/API.php",
                "time=",
                "key=",
                "path="
            ]
        },
        {
            "name": "火山嗅探",
            "hosts": [
                "huoshan.com"
            ],
            "regex": [
                "item_id="
            ]
        },
        {
            "name": "抖音嗅探",
            "hosts": [
                "douyin.com"
            ],
            "regex": [
                "is_play_url="
            ]
        },
        {
            "name": "農民嗅探",
            "hosts": [
                "toutiaovod.com"
            ],
            "regex": [
                "video/tos/cn"
            ]
        },
        {
            "name": "夜市",
            "hosts": [
                "yeslivetv.com"
            ],
            "script": [
                "document.getElementsByClassName('vjs-big-play-button')[0].click()"
            ]
        },
        {
            "name": "毛驢",
            "hosts": [
                "www.maolvys.com"
            ],
            "script": [
                "document.getElementsByClassName('swal-button swal-button--confirm')[0].click()"
            ]
        },
        {
            "name": "磁力广告",
            "hosts": [
                "magnet"
            ],
            "regex": [
                "更多",
                "社 區",
                "x u u",
                "最 新",
                "直 播",
                "更 新",
                "社 区",
                "有 趣",
                "英皇体育",
                "全中文AV在线",
                "澳门皇冠赌场",
                "哥哥快来",
                "美女荷官",
                "裸聊",
                "新片首发",
                "UUE29"
            ]
        }
    ],
    "parses": [],
    "flags": [
        "youku",
        "qq",
        "iqiyi",
        "qiyi",
        "letv",
        "sohu",
        "tudou",
        "pptv",
        "mgtv",
        "wasu"
    ],
    "wallpaper": "http://饭太硬.top/深色壁纸/api.php",
    "disabled_wallpaper": "http://www.kf666888.cn/api/tvbox/img"
}